{
	"info": {
		"_postman_id": "b5751c7e-193a-409d-b23c-a9535fd21373",
		"name": "Waa_lab2",
		"schema": "https://schema.getpostman.com/json/collection/v2.1.0/collection.json",
		"_exporter_id": "31644546"
	},
	"item": [
		{
			"name": "c.\tPOST\tlocalhost:8080/users",
			"request": {
				"method": "POST",
				"header": [],
				"body": {
					"mode": "raw",
					"raw": "{\n  \"name\": \"Userx\",\n  \"posts\": [\n    {\n      \"title\": \"PostManxxx\",\n      \"content\": \"Content of the first post\",\n      \"author\": \"Author1\"\n    }\n  ]\n}",
					"options": {
						"raw": {
							"language": "json"
						}
					}
				},
				"url": {
					"raw": "localhost:8080/users",
					"host": [
						"localhost"
					],
					"port": "8080",
					"path": [
						"users"
					]
				}
			},
			"response": []
		},
		{
			"name": "a.\tGET\tlocalhost:8080/users",
			"request": {
				"method": "GET",
				"header": [],
				"url": {
					"raw": "localhost:8080/users",
					"host": [
						"localhost"
					],
					"port": "8080",
					"path": [
						"users"
					]
				}
			},
			"response": []
		},
		{
			"name": "b.\tGET\tlocalhost:8080/users/1",
			"request": {
				"method": "GET",
				"header": [],
				"url": {
					"raw": "localhost:8080/users/1",
					"host": [
						"localhost"
					],
					"port": "8080",
					"path": [
						"users",
						"1"
					]
				}
			},
			"response": []
		},
		{
			"name": "d.\tGET\tlocalhost:8080/users/1/posts",
			"request": {
				"method": "GET",
				"header": [],
				"url": {
					"raw": "localhost:8080/users/2/posts",
					"host": [
						"localhost"
					],
					"port": "8080",
					"path": [
						"users",
						"2",
						"posts"
					]
				}
			},
			"response": []
		},
		{
			"name": "6-\tMake a query that will return all the users that have more than 1 post ",
			"request": {
				"method": "GET",
				"header": [],
				"url": {
					"raw": "localhost:8080/users/posts",
					"host": [
						"localhost"
					],
					"port": "8080",
					"path": [
						"users",
						"posts"
					]
				}
			},
			"response": []
		}
	]
}